{"intents": [
        {"tag": "greeting",
         "patterns": ["Hi", "How are you", "Is anyone there?", "Hello", "I need help", "Whats up"],
         "responses": ["Hello! How may I help you?", "Good to see you! How may I help you?", "Hi there, how can I help?"],
         "context_set": ""
        },
        {"tag": "goodbye",
         "patterns": ["cya", "See you later", "Goodbye", "I am Leaving", "Have a Good day", "Thank you", "I will get back to you"],
         "responses": ["Thank you for chatting with us! If you have anything else to discuss, drop us an email at info@pdbtechsolutions.com" ],
         "context_set": ""
        },
        {"tag": "age",
         "patterns": ["how old?", "how old is your company?", "how old is your business?","when did you start this firm?"],
         "responses": ["We are 3+ years old!" ],
         "context_set": ""
        },
        {"tag": "work",
         "patterns": ["what does your company do?", "what does your business specialize in?", "what services do you provide?","what do you offer?"],
         "responses": ["PDB Technologies and Solutions Pvt Ltd provides Consulting, Implementations and Support services on Web, Windows, Cloud and Mobility for Digital and Modern Applications"],
         "context_set": ""
        },
        {"tag": "problem",
         "patterns": ["I need help ", " I have problem with ", "There is some issue with your program"],
         "responses": ["You can ring us on +91 9922310317 or drop an email at info@pdbtechsolutions.com for better assistance"],
         "context_set": ""
        },
        {"tag": "name",
         "patterns": ["what is your company's name", "what is the name of your business"],
         "responses": ["PDB Technologies and Solutions Pvt Ltd"],
         "context_set": ""
        },
        {"tag": "contact_details",
         "patterns": ["Contact details", "How can i reach you?", "I want to email you", "I want to call you", "How can I contact you?", "Can I reach you over phone or email?", "How to contact you?", "please share your contact details", "please give your mobile number", "please share your email address"],
         "responses": ["You can ring us on +91 9922310317 or drop an email at info@pdbtechsolutions.com" ],
         "context_set": ""
        },
        {"tag": "hours",
         "patterns": ["when are you open", "what are your working hours", "hours of operation", "what are the office timings?", "When can I come to your office?", "When can I call you?", "How many days a week are you open?"],
         "responses": ["We are open 9am-6pm Monday-Saturday!"],
         "context_set": ""
        }
   ]
}